Origem,Destino,Data,Tipo de assento,Preco,Mensagem_rota_indisp,Timestamp_Scraped
Belo Horizonte - Terminal Rodoviário (MG),São Paulo (Rod. Tietê) (SP),23/07/2025,SEMILEITO PREMIUM,"R$308,51",,2025-07-23 20:30:42
Belo Horizonte - Terminal Rodoviário (MG),São Paulo (Rod. Tietê) (SP),23/07/2025,CAMA,"R$518,29",,2025-07-23 20:30:42
Belo Horizonte - Terminal Rodoviário (MG),São Paulo (Rod. Tietê) (SP),23/07/2025,CAMA,"R$518,29",,2025-07-23 20:30:42
Belo Horizonte - Terminal Rodoviário (MG),São Paulo (Rod. Tietê) (SP),23/07/2025,SEMILEITO PREMIUM,"R$308,51",,2025-07-23 20:30:42
Belo Horizonte - Terminal Rodoviário (MG),São Paulo (Rod. Tietê) (SP),23/07/2025,CAMA,"R$488,29",,2025-07-23 20:30:42
Belo Horizonte - Terminal Rodoviário (MG),São Paulo (Rod. Tietê) (SP),23/07/2025,SEMILEITO PREMIUM,"R$308,51",,2025-07-23 20:30:42
Belo Horizonte - Terminal Rodoviário (MG),São Paulo (Rod. Tietê) (SP),24/07/2025,CAMA,"R$398,44",,2025-07-23 20:30:50
Belo Horizonte - Terminal Rodoviário (MG),São Paulo (Rod. Tietê) (SP),24/07/2025,SEMILEITO PREMIUM,"R$303,51",,2025-07-23 20:30:50
Belo Horizonte - Terminal Rodoviário (MG),São Paulo (Rod. Tietê) (SP),24/07/2025,SEMILEITO PREMIUM,"R$303,51",,2025-07-23 20:30:50
Belo Horizonte - Terminal Rodoviário (MG),São Paulo (Rod. Tietê) (SP),24/07/2025,CAMA,"R$388,49",,2025-07-23 20:30:51
Belo Horizonte - Terminal Rodoviário (MG),São Paulo (Rod. Tietê) (SP),24/07/2025,CONV. DD,"R$283,61",,2025-07-23 20:30:51
Belo Horizonte - Terminal Rodoviário (MG),São Paulo (Rod. Tietê) (SP),24/07/2025,CAMA,"R$438,24",,2025-07-23 20:30:51
Belo Horizonte - Terminal Rodoviário (MG),São Paulo (Rod. Tietê) (SP),24/07/2025,CONV. DD,"R$283,61",,2025-07-23 20:30:51
Belo Horizonte - Terminal Rodoviário (MG),São Paulo (Rod. Tietê) (SP),24/07/2025,CAMA,"R$388,49",,2025-07-23 20:30:51
Belo Horizonte - Terminal Rodoviário (MG),São Paulo (Rod. Tietê) (SP),24/07/2025,EXECUTIVO,"R$283,61",,2025-07-23 20:30:51
Belo Horizonte - Terminal Rodoviário (MG),São Paulo (Rod. Tietê) (SP),24/07/2025,SEMILEITO PREMIUM,"R$308,51",,2025-07-23 20:30:51
Belo Horizonte - Terminal Rodoviário (MG),São Paulo (Rod. Tietê) (SP),24/07/2025,CAMA,"R$528,23",,2025-07-23 20:30:51
Belo Horizonte - Terminal Rodoviário (MG),São Paulo (Rod. Tietê) (SP),24/07/2025,CAMA,"R$488,29",,2025-07-23 20:30:51
Belo Horizonte - Terminal Rodoviário (MG),São Paulo (Rod. Tietê) (SP),24/07/2025,SEMILEITO PREMIUM,"R$308,51",,2025-07-23 20:30:51
Belo Horizonte - Terminal Rodoviário (MG),São Paulo (Rod. Tietê) (SP),24/07/2025,SEMILEITO PREMIUM,"R$308,51",,2025-07-23 20:30:51
Belo Horizonte - Terminal Rodoviário (MG),São Paulo (Rod. Tietê) (SP),24/07/2025,CAMA,"R$488,29",,2025-07-23 20:30:51
Belo Horizonte - Terminal Rodoviário (MG),São Paulo (Rod. Tietê) (SP),24/07/2025,CAMA,"R$518,29",,2025-07-23 20:30:51
Belo Horizonte - Terminal Rodoviário (MG),São Paulo (Rod. Tietê) (SP),24/07/2025,SEMILEITO PREMIUM,"R$308,51",,2025-07-23 20:30:51
Belo Horizonte - Terminal Rodoviário (MG),São Paulo (Rod. Tietê) (SP),24/07/2025,SEMILEITO PREMIUM,"R$303,51",,2025-07-23 20:30:51
Belo Horizonte - Terminal Rodoviário (MG),São Paulo (Rod. Tietê) (SP),24/07/2025,CAMA,"R$488,29",,2025-07-23 20:30:51
Belo Horizonte - Terminal Rodoviário (MG),São Paulo (Rod. Tietê) (SP),24/07/2025,CAMA,"R$488,29",,2025-07-23 20:30:51
Belo Horizonte - Terminal Rodoviário (MG),São Paulo (Rod. Tietê) (SP),24/07/2025,SEMILEITO PREMIUM,"R$308,51",,2025-07-23 20:30:51
Belo Horizonte - Terminal Rodoviário (MG),São Paulo (Rod. Tietê) (SP),25/07/2025,CAMA,"R$398,44",,2025-07-23 20:30:54
Belo Horizonte - Terminal Rodoviário (MG),São Paulo (Rod. Tietê) (SP),25/07/2025,SEMILEITO PREMIUM,"R$303,51",,2025-07-23 20:30:54
Belo Horizonte - Terminal Rodoviário (MG),São Paulo (Rod. Tietê) (SP),25/07/2025,CAMA,"R$438,24",,2025-07-23 20:30:54
Belo Horizonte - Terminal Rodoviário (MG),São Paulo (Rod. Tietê) (SP),25/07/2025,SEMILEITO PREMIUM,"R$303,51",,2025-07-23 20:30:54
Belo Horizonte - Terminal Rodoviário (MG),São Paulo (Rod. Tietê) (SP),25/07/2025,SEMILEITO PREMIUM,"R$293,51",,2025-07-23 20:30:54
Belo Horizonte - Terminal Rodoviário (MG),São Paulo (Rod. Tietê) (SP),25/07/2025,CAMA,"R$388,49",,2025-07-23 20:30:54
Belo Horizonte - Terminal Rodoviário (MG),São Paulo (Rod. Tietê) (SP),25/07/2025,CAMA,"R$388,49",,2025-07-23 20:30:54
Belo Horizonte - Terminal Rodoviário (MG),São Paulo (Rod. Tietê) (SP),25/07/2025,SEMILEITO PREMIUM,"R$308,59",,2025-07-23 20:30:54
Belo Horizonte - Terminal Rodoviário (MG),São Paulo (Rod. Tietê) (SP),25/07/2025,EXECUTIVO,"R$298,69",,2025-07-23 20:30:54
Belo Horizonte - Terminal Rodoviário (MG),São Paulo (Rod. Tietê) (SP),25/07/2025,CAMA,"R$528,23",,2025-07-23 20:30:54
Belo Horizonte - Terminal Rodoviário (MG),São Paulo (Rod. Tietê) (SP),25/07/2025,SEMILEITO PREMIUM,"R$408,51",,2025-07-23 20:30:54
Belo Horizonte - Terminal Rodoviário (MG),São Paulo (Rod. Tietê) (SP),25/07/2025,CONVENCIONAL,"R$443,31",,2025-07-23 20:30:54
Belo Horizonte - Terminal Rodoviário (MG),São Paulo (Rod. Tietê) (SP),25/07/2025,EXECUTIVO,"R$298,69",,2025-07-23 20:30:54
Belo Horizonte - Terminal Rodoviário (MG),São Paulo (Rod. Tietê) (SP),25/07/2025,CAMA,"R$518,29",,2025-07-23 20:30:54
Belo Horizonte - Terminal Rodoviário (MG),São Paulo (Rod. Tietê) (SP),25/07/2025,SEMILEITO PREMIUM,"R$408,51",,2025-07-23 20:30:54
Belo Horizonte - Terminal Rodoviário (MG),São Paulo (Rod. Tietê) (SP),25/07/2025,CAMA,R$,,2025-07-23 20:30:54
Belo Horizonte - Terminal Rodoviário (MG),São Paulo (Rod. Tietê) (SP),25/07/2025,SEMILEITO PREMIUM,"R$378,51",,2025-07-23 20:30:54
Belo Horizonte - Terminal Rodoviário (MG),São Paulo (Rod. Tietê) (SP),25/07/2025,CAMA,R$,,2025-07-23 20:30:55
Belo Horizonte - Terminal Rodoviário (MG),São Paulo (Rod. Tietê) (SP),25/07/2025,SEMILEITO PREMIUM,"R$378,51",,2025-07-23 20:30:55
Belo Horizonte - Terminal Rodoviário (MG),São Paulo (Rod. Tietê) (SP),25/07/2025,SEMILEITO PREMIUM,"R$373,51",,2025-07-23 20:30:55
Belo Horizonte - Terminal Rodoviário (MG),São Paulo (Rod. Tietê) (SP),25/07/2025,CAMA,"R$518,29",,2025-07-23 20:30:55
Ribeirão Preto (SP),São Paulo (Rod. Tietê) (SP),23/07/2025,Convencional,"R$122,55",,2025-07-23 20:31:28
Ribeirão Preto (SP),São Paulo (Rod. Tietê) (SP),23/07/2025,CONV. DD,"R$120,64",,2025-07-23 20:31:28
Ribeirão Preto (SP),São Paulo (Rod. Tietê) (SP),23/07/2025,CAMA,R$,,2025-07-23 20:31:28
Ribeirão Preto (SP),São Paulo (Rod. Tietê) (SP),24/07/2025,Convencional,"R$122,55",,2025-07-23 20:31:35
Ribeirão Preto (SP),São Paulo (Rod. Tietê) (SP),24/07/2025,CONV. DD,"R$120,64",,2025-07-23 20:31:35
Ribeirão Preto (SP),São Paulo (Rod. Tietê) (SP),24/07/2025,CAMA,R$,,2025-07-23 20:31:35
Ribeirão Preto (SP),São Paulo (Rod. Tietê) (SP),24/07/2025,Convencional,"R$122,55",,2025-07-23 20:31:35
Ribeirão Preto (SP),São Paulo (Rod. Tietê) (SP),24/07/2025,CONVENCIONAL,"R$119,19",,2025-07-23 20:31:35
Ribeirão Preto (SP),São Paulo (Rod. Tietê) (SP),24/07/2025,Convencional,"R$122,55",,2025-07-23 20:31:35
Ribeirão Preto (SP),São Paulo (Rod. Tietê) (SP),24/07/2025,CONV. DD,"R$120,64",,2025-07-23 20:31:35
Ribeirão Preto (SP),São Paulo (Rod. Tietê) (SP),24/07/2025,CAMA,R$,,2025-07-23 20:31:35
Ribeirão Preto (SP),São Paulo (Rod. Tietê) (SP),24/07/2025,Convencional,"R$122,55",,2025-07-23 20:31:35
Ribeirão Preto (SP),São Paulo (Rod. Tietê) (SP),24/07/2025,CONV. DD,"R$120,64",,2025-07-23 20:31:35
Ribeirão Preto (SP),São Paulo (Rod. Tietê) (SP),24/07/2025,CAMA,"R$193,99",,2025-07-23 20:31:35
Ribeirão Preto (SP),São Paulo (Rod. Tietê) (SP),24/07/2025,Convencional,"R$122,55",,2025-07-23 20:31:35
Ribeirão Preto (SP),São Paulo (Rod. Tietê) (SP),24/07/2025,CONV. DD,"R$120,64",,2025-07-23 20:31:35
Ribeirão Preto (SP),São Paulo (Rod. Tietê) (SP),24/07/2025,CAMA,"R$215,90",,2025-07-23 20:31:35
Ribeirão Preto (SP),São Paulo (Rod. Tietê) (SP),24/07/2025,Convencional,"R$122,55",,2025-07-23 20:31:35
Ribeirão Preto (SP),São Paulo (Rod. Tietê) (SP),24/07/2025,CONV. DD,"R$120,64",,2025-07-23 20:31:36
Ribeirão Preto (SP),São Paulo (Rod. Tietê) (SP),24/07/2025,EXEC. DD,"R$151,94",,2025-07-23 20:31:36
Ribeirão Preto (SP),São Paulo (Rod. Tietê) (SP),24/07/2025,Convencional,"R$122,55",,2025-07-23 20:31:36
Ribeirão Preto (SP),São Paulo (Rod. Tietê) (SP),24/07/2025,CONV. DD - VAI DIRETO,"R$120,64",,2025-07-23 20:31:36
Ribeirão Preto (SP),São Paulo (Rod. Tietê) (SP),24/07/2025,CAMA - VAI DIRETO,"R$199,29",,2025-07-23 20:31:36
Ribeirão Preto (SP),São Paulo (Rod. Tietê) (SP),24/07/2025,Convencional,"R$122,55",,2025-07-23 20:31:36
Ribeirão Preto (SP),São Paulo (Rod. Tietê) (SP),24/07/2025,CONV. DD,"R$120,64",,2025-07-23 20:31:36
Ribeirão Preto (SP),São Paulo (Rod. Tietê) (SP),24/07/2025,CAMA,R$,,2025-07-23 20:31:36
Ribeirão Preto (SP),São Paulo (Rod. Tietê) (SP),25/07/2025,CONV. DD,"R$165,86",,2025-07-23 20:31:39
Ribeirão Preto (SP),São Paulo (Rod. Tietê) (SP),25/07/2025,CAMA,"R$212,90",,2025-07-23 20:31:39
Ribeirão Preto (SP),São Paulo (Rod. Tietê) (SP),25/07/2025,Convencional,"R$122,55",,2025-07-23 20:31:39
Ribeirão Preto (SP),São Paulo (Rod. Tietê) (SP),25/07/2025,CONVENCIONAL,"R$119,19",,2025-07-23 20:31:39
Ribeirão Preto (SP),São Paulo (Rod. Tietê) (SP),25/07/2025,Convencional,"R$122,55",,2025-07-23 20:31:39
Ribeirão Preto (SP),São Paulo (Rod. Tietê) (SP),25/07/2025,CONV. DD,"R$165,86",,2025-07-23 20:31:39
Ribeirão Preto (SP),São Paulo (Rod. Tietê) (SP),25/07/2025,CAMA,"R$218,99",,2025-07-23 20:31:39
Ribeirão Preto (SP),São Paulo (Rod. Tietê) (SP),25/07/2025,Convencional,"R$122,55",,2025-07-23 20:31:39
Ribeirão Preto (SP),São Paulo (Rod. Tietê) (SP),25/07/2025,CAMA,"R$218,99",,2025-07-23 20:31:39
Ribeirão Preto (SP),São Paulo (Rod. Tietê) (SP),25/07/2025,EXEC. DD,"R$169,99",,2025-07-23 20:31:39
Ribeirão Preto (SP),São Paulo (Rod. Tietê) (SP),25/07/2025,Convencional,"R$122,55",,2025-07-23 20:31:39
Ribeirão Preto (SP),São Paulo (Rod. Tietê) (SP),25/07/2025,CAMA,"R$218,99",,2025-07-23 20:31:39
Ribeirão Preto (SP),São Paulo (Rod. Tietê) (SP),25/07/2025,EXEC. DD,"R$169,99",,2025-07-23 20:31:39
Ribeirão Preto (SP),São Paulo (Rod. Tietê) (SP),25/07/2025,Convencional,"R$122,55",,2025-07-23 20:31:39
Ribeirão Preto (SP),São Paulo (Rod. Tietê) (SP),25/07/2025,EXEC. DD,"R$169,99",,2025-07-23 20:31:39
Ribeirão Preto (SP),São Paulo (Rod. Tietê) (SP),25/07/2025,CONV. DD,"R$165,86",,2025-07-23 20:31:39
Ribeirão Preto (SP),São Paulo (Rod. Tietê) (SP),25/07/2025,Convencional,"R$122,55",,2025-07-23 20:31:39
Ribeirão Preto (SP),São Paulo (Rod. Tietê) (SP),25/07/2025,CAMA - VAI DIRETO,"R$218,20",,2025-07-23 20:31:39
Ribeirão Preto (SP),São Paulo (Rod. Tietê) (SP),25/07/2025,EXEC. DD - VAI DIRETO,"R$151,94",,2025-07-23 20:31:39
Ribeirão Preto (SP),São Paulo (Rod. Tietê) (SP),25/07/2025,Convencional,"R$122,55",,2025-07-23 20:31:39
Ribeirão Preto (SP),São Paulo (Rod. Tietê) (SP),25/07/2025,EXEC. DD,"R$169,99",,2025-07-23 20:31:40
Ribeirão Preto (SP),São Paulo (Rod. Tietê) (SP),25/07/2025,CAMA,R$,,2025-07-23 20:31:40
Rio de Janeiro (Novo Rio) (RJ),Belo Horizonte - Terminal Rodoviário (MG),23/07/2025,CAMA,"R$468,68",,2025-07-23 20:32:13
Rio de Janeiro (Novo Rio) (RJ),Belo Horizonte - Terminal Rodoviário (MG),23/07/2025,SEMILEITO PREMIUM,"R$308,98",,2025-07-23 20:32:13
Rio de Janeiro (Novo Rio) (RJ),Belo Horizonte - Terminal Rodoviário (MG),23/07/2025,CAMA,"R$468,68",,2025-07-23 20:32:13
Rio de Janeiro (Novo Rio) (RJ),Belo Horizonte - Terminal Rodoviário (MG),23/07/2025,SEMILEITO PREMIUM,"R$308,98",,2025-07-23 20:32:13
Rio de Janeiro (Novo Rio) (RJ),Belo Horizonte - Terminal Rodoviário (MG),23/07/2025,CAMA,"R$468,68",,2025-07-23 20:32:13
Rio de Janeiro (Novo Rio) (RJ),Belo Horizonte - Terminal Rodoviário (MG),23/07/2025,SEMILEITO PREMIUM,"R$308,98",,2025-07-23 20:32:13
Rio de Janeiro (Novo Rio) (RJ),Belo Horizonte - Terminal Rodoviário (MG),24/07/2025,CAMA,"R$448,68",,2025-07-23 20:32:17
Rio de Janeiro (Novo Rio) (RJ),Belo Horizonte - Terminal Rodoviário (MG),24/07/2025,SEMILEITO PREMIUM,R$,,2025-07-23 20:32:17
Rio de Janeiro (Novo Rio) (RJ),Belo Horizonte - Terminal Rodoviário (MG),24/07/2025,CONV. DD,"R$219,38",,2025-07-23 20:32:17
Rio de Janeiro (Novo Rio) (RJ),Belo Horizonte - Terminal Rodoviário (MG),24/07/2025,CAMA,"R$438,68",,2025-07-23 20:32:17
Rio de Janeiro (Novo Rio) (RJ),Belo Horizonte - Terminal Rodoviário (MG),24/07/2025,CONVENCIONAL,"R$279,07",,2025-07-23 20:32:17
Rio de Janeiro (Novo Rio) (RJ),Belo Horizonte - Terminal Rodoviário (MG),24/07/2025,CAMA,R$,,2025-07-23 20:32:17
Rio de Janeiro (Novo Rio) (RJ),Belo Horizonte - Terminal Rodoviário (MG),24/07/2025,SEMILEITO PREMIUM,"R$289,03",,2025-07-23 20:32:17
Rio de Janeiro (Novo Rio) (RJ),Belo Horizonte - Terminal Rodoviário (MG),24/07/2025,EXECUTIVO,"R$279,07",,2025-07-23 20:32:17
Rio de Janeiro (Novo Rio) (RJ),Belo Horizonte - Terminal Rodoviário (MG),24/07/2025,CAMA,"R$468,68",,2025-07-23 20:32:17
Rio de Janeiro (Novo Rio) (RJ),Belo Horizonte - Terminal Rodoviário (MG),24/07/2025,SEMILEITO PREMIUM,"R$289,03",,2025-07-23 20:32:17
Rio de Janeiro (Novo Rio) (RJ),Belo Horizonte - Terminal Rodoviário (MG),24/07/2025,CAMA,"R$468,68",,2025-07-23 20:32:17
Rio de Janeiro (Novo Rio) (RJ),Belo Horizonte - Terminal Rodoviário (MG),24/07/2025,SEMILEITO PREMIUM,"R$289,03",,2025-07-23 20:32:17
Rio de Janeiro (Novo Rio) (RJ),Belo Horizonte - Terminal Rodoviário (MG),25/07/2025,SEMILEITO PREMIUM,"R$238,88",,2025-07-23 20:32:23
Rio de Janeiro (Novo Rio) (RJ),Belo Horizonte - Terminal Rodoviário (MG),25/07/2025,CAMA,"R$418,68",,2025-07-23 20:32:23
Rio de Janeiro (Novo Rio) (RJ),Belo Horizonte - Terminal Rodoviário (MG),25/07/2025,CONVENCIONAL,"R$228,92",,2025-07-23 20:32:23
Rio de Janeiro (Novo Rio) (RJ),Belo Horizonte - Terminal Rodoviário (MG),25/07/2025,CAMA,"R$488,68",,2025-07-23 20:32:23
Rio de Janeiro (Novo Rio) (RJ),Belo Horizonte - Terminal Rodoviário (MG),25/07/2025,SEMILEITO PREMIUM,"R$238,88",,2025-07-23 20:32:23
Rio de Janeiro (Novo Rio) (RJ),Belo Horizonte - Terminal Rodoviário (MG),25/07/2025,EXECUTIVO,"R$228,92",,2025-07-23 20:32:23
Rio de Janeiro (Novo Rio) (RJ),Belo Horizonte - Terminal Rodoviário (MG),25/07/2025,EXECUTIVO,"R$228,92",,2025-07-23 20:32:23
Rio de Janeiro (Novo Rio) (RJ),Belo Horizonte - Terminal Rodoviário (MG),25/07/2025,CAMA,"R$438,68",,2025-07-23 20:32:23
Rio de Janeiro (Novo Rio) (RJ),Belo Horizonte - Terminal Rodoviário (MG),25/07/2025,SEMILEITO PREMIUM,"R$238,88",,2025-07-23 20:32:23
Rio de Janeiro (Novo Rio) (RJ),Belo Horizonte - Terminal Rodoviário (MG),25/07/2025,CAMA,"R$508,68",,2025-07-23 20:32:23
Rio de Janeiro (Novo Rio) (RJ),Belo Horizonte - Terminal Rodoviário (MG),25/07/2025,SEMILEITO PREMIUM,"R$238,88",,2025-07-23 20:32:23
Rio de Janeiro (Novo Rio) (RJ),Belo Horizonte - Terminal Rodoviário (MG),25/07/2025,CAMA,"R$438,68",,2025-07-23 20:32:23
Rio de Janeiro (Novo Rio) (RJ),Belo Horizonte - Terminal Rodoviário (MG),25/07/2025,SEMILEITO PREMIUM,"R$238,88",,2025-07-23 20:32:23
